,0
0,interesting
1,times
2,a
3,coordination
4,group
5,of
6,national
7,and
8,international
9,news
10,media
11,organizations
12,october
13,31
14,2008
15,signs
16,zimbabwean
17,empty
18,supermarkets
19,worthless
20,currency
21,an
22,impending
23,famine
24,in
25,what
26,used
27,to
28,be
29,the
30,breadbasket
31,southern
32,africa
33,dictatorship
34,robert
35,mugabe
36,its
37,ruthless
38,clamp
39,down
40,on
41,country's
42,independent
43,are
44,quickly
45,exhausting
46,zimbabwe's
47,hope
48,reserves
49,photos
50,courtesy
51,www.swradioafrica.com
52,email
53,this
54,friend
55,print
56,posted
57,by
58,javier
59,sierra
60,permalink
61,trackback
62,0
63,30
64,tanzania
65,indepedent
66,journalists
67,show
68,resolve
69,we
70,have
71,reported
72,about
73,tanzania's
74,standing
75,up
76,arbitrary
77,black-outs
78,march
79,dar
80,el
81,salaam
82,one
83,would
84,think
85,that
86,given
87,odds
88,against
89,them
90,they
91,waiver
92,again
93,these
94,people
95,steel
96,their
97,backbones
98,let's
99,it
100,from
101,salaam's
102,guardian
103,name
104,is
105,not
106,only
107,for
108,editors
109,different
110,houses
111,yesterday
112,staged
113,peaceful
114,demonstration
115,register
116,opposition
117,government
118,ban
119,mwanahalisi
120,weekly
121,tabloid
122,started
123,at
124,lugoda
125,street
126,gerezani
127,near
128,business
129,offices
130,headed
131,information
132,ministry
133,along
134,samora
135,avenue
136,es
137,was
138,also
139,supported
140,activists
141,other
142,organisations
143,marched
144,with
145,sealed
146,mouths
147,being
148,mark
149,silencing
150,suppressing
151,freedom
152,displayed
153,placards
154,carried
155,varied
156,messages
157,all
158,opposed
159,banning
160,some
161,read
162,as
163,follows
164,should
165,temper
166,press
167,banned
168,but
169,corrupt
170,leaders
171,still
172,office
173,who
174,revealed
175,epa
176,richmond
177,uvccm
178,scandals
179,want
180,back
181,shall
182,continue
183,writing
184,until
185,end
186,world
187,newspapers
188,act
189,1976
190,abandoned
191,ear
192,mouth
193,eye
194,every
195,tanzanian
196,good
197,keep
198,making
199,us
200,proud
201,europeana
202,welcome
203,addition
204,open-ended
205,knowledge
206,most
207,posts
208,blog
209,unfortunately
210,do
211,restriction
212,very
213,rarely
214,encounter
215,opportunity
216,write
217,initiatives
218,aim
219,opening
220,gates
221,european
222,union
223,launch
224,digital
225,encyclopedia
226,europe's
227,cultural
228,heritage
229,already
230,calling
231,ambitious
232,project
233,digitize
234,large
235,portions
236,continent's
237,libraries
238,put
239,much
240,civilization
241,possible
242,books
243,maps
244,paintings
245,films
246,online
247,free
248,web
249,site
250,moment
251,just
252,has
253,tour
254,viviane
255,reding
256,eu
257,commissioner
258,society
259,promised
260,two
261,million
262,digitized
263,objects
264,available
265,full
266,public
267,browsing
268,english
269,german
270,french
271,november
272,20
273,will
274,let
275,reader
276,start
277,say
278,image
279,mona
280,lisa
281,then
282,encourage
283,stroll
284,through
285,related
286,music
287,or
288,artifacts
289,using
290,data
291,tags
292,leonardo
293,da
294,vinci
295,portraits
296,italy
297,even
298,color
299,timeline
300,history
301,ostensibly
302,presents
303,itself
304,competitor
305,google
306,library
307,which
308,since
309,2004
310,scanned
311,10
312,pieces
313,love
314,hear
315,kind
316,competition
317,taking
318,place
319,can
320,make
321,fastest
322,get
323,set
324,ready
325,go
326,29
327,insulting
328,lack
329,sense
330,humor
331,countries
332,whose
333,considered
334,protected
335,divine
336,intervention
337,really
338,need
339,healthy
340,load
341,take
342,moroccan
343,crown
344,example
345,world's
346,entrenched
347,unaccountable
348,monarchies
349,barricaded
350,behind
351,battery
352,ancient
353,laws
354,insult
355,designed
356,away
357,dealings
358,photo
359,medieval
360,approach
361,taken
362,heavy
363,toll
364,morocco's
365,development
366,yet
367,king
368,morocco
369,mohamed
370,vi
371,above
372,his
373,wealthy
374,entourage
375,insist
376,clinging
377,abusive
378,punishments
379,99.99
380,percent
381,moroccans
382,dark
383,government's
384,something
385,harmless
386,infantile
387,embarrassing
388,hits
389,curtains
390,covering
391,edifice
392,deception
393,blown
394,here
395,bbc
396,schoolboy
397,aged
398,18
399,been
400,jailed
401,after
402,replacing
403,monarch's
404,favourite
405,football
406,club
407,he
408,altered
409,phrase
410,god
411,nation
412,school
413,blackboard
414,barcelona
415,fc
416,says
417,appointed
418,lawyer
419,look
420,into
421,whether
422,help
423,boy
424,within
425,framework
426,law
427,several
428,cases
429,young
430,men
431,royal
432,family
433,bbc's
434,james
435,copnall
436,rabat
437,completely
438,clear
439,court
440,felt
441,remarks
442,apparent
443,insults
444,were
445,problem
446,justice
447,commented
448,case
449,so
450,far
451,score
452,1
453,clowns
454,ps
455,you've
456,got
457,reaction
458,uniform
459,advertisement
460,reads
461,unicef
462,global
463,network
464,initiative
465,launched
466,anticipated
467,today
468,backing
469,diverse
470,alliance
471,both
472,corporate
473,civil
474,including
475,committee
476,bench
477,executive
478,director
479,had
480,launching
481,increasingly
482,obtains
483,progressively
484,larger
485,exclusive
486,use
487,internet
488,old
489,problems
490,must
491,attacked
492,new
493,ways
494,longstanding
495,censorship
496,issues
497,such
498,imposing
499,criminal
500,penalties
501,alleged
502,defamation
503,truthful
504,statements
505,head
506,state
507,officials
508,become
509,more
510,damaging
511,when
512,last
513,bastion
514,wrongfully
515,persecuted
516,protecting
517,oneself
518,under
519,cloak
520,anonymity
521,may
522,provide
523,cannot
524,fully
525,utilized
526,principles
527,assist
528,any
529,citizens
530,seek
531,inform
532,influence
533,others
534,ensuring
535,strong
536,united
537,front
538,persecution
539,often
540,effected
541,lone
542,dissenter
543,official
544,announcement
545,effort
546,protect
547,advance
548,human
549,rights
550,expression
551,privacy
552,coalition
553,leading
554,communications
555,companies
556,major
557,academics
558,investors
559,technology
560,americas
561,europe
562,middle
563,east
564,asia
565,industries
566,face
567,increasing
568,pressure
569,comply
570,domestic
571,policies
572,require
573,disclosure
574,personal
575,conflict
576,internationally
577,recognized
578,standards
579,founded
580,upon
581,specific
582,implementation
583,commitments
584,accountability
585,learning
586,systematic
587,ngos
588,work
589,together
590,resisting
591,efforts
592,governments
593,enlist
594,acts
595,surveillance
596,violate
597,60th
598,anniversary
599,year
600,universal
601,declaration
602,out
603,covenant
604,political
605,economic
606,social
607,accompanying
608,guidelines
609,significant
610,participating
611,establishing
612,greater
613,transparency
614,users
615,assessing
616,risk
617,requesting
618,legal
619,rationale
620,actions
621,training
622,employees
623,challenging
624,violations
625,providing
626,whistle-blowing
627,mechanisms
628,participants
629,recognize
630,responsible
631,company
632,alone
633,guarantee
634,violated
635,instead
636,ultimate
637,responsibility
638,ensure
639,respected
640,promoted
641,fulfilled
642,why
643,establishes
644,ngo
645,investor
646,academic
647,collaborate
648,each
649,promote
650,rule
651,adoption
652,practices
653,respect
654,climate
655,rapidly
656,changing
657,technologies
658,products
659,services
660,complex
661,constantly
662,evolving
663,task
664,collaboration
665,among
666,lobby
667,dialogue
668,stakeholders
669,local
670,markets
671,share
672,experiences
673,critical
674,success
675,announced
676,formation
677,organization
678,support
679,long-term
680,multi-stakeholder
681,governance
682,structure
683,established
684,joint
685,worldwide
686,standard
687,requires
688,perspective
689,broadly
690,based
691,industry
692,therefore
693,key
694,priority
695,actively
696,recruiting
697,members
698,academia
699,commitment
700,advancement
701,outcome
702,process
703,began
704,2006
705,formalized
706,early
707,2007
708,closely
709,examined
710,relating
711,around
712,well
713,relevant
714,number
715,processes
716,28
717,christian
718,science
719,monitor
720,stop
721,edition
722,celebrate
723,100th
724,announcing
725,publishing
726,shift
727,operations
728,starting
729,april
730,2009
731,first
732,newspaper
733,radical
734,change
735,another
736,symptom
737,steady
738,decline
739,paper's
740,page
741,multiplatform
742,strategy
743,secure
744,enlarge
745,monitor's
746,role
747,second
748,century
749,said
750,mary
751,trammell
752,editor
753,chief
754,member
755,board
756,directors
757,mrs
758,journalism
759,seeks
760,bless
761,humanity
762,injure
763,shines
764,light
765,challenges
766,solutions
767,center
768,baker
769,eddy's
770,vision
771,method
772,delivery
773,format
774,secondary
775,adjusted
776,call
777,abreast
778,while
779,circulation
780,primarily
781,delivered
782,mail
783,trended
784,downward
785,nearly
786,40
787,years
788,looking
789,forward
790,readership
791,clearly
792,shows
793,promise
794,judy
795,wolff
796,chairman
797,trustees
798,plan
799,advantage
800,order
801,deliver
802,improve
803,timeliness
804,relevance
805,increase
806,revenue
807,reduce
808,costs
809,way
810,reaches
811,readers
812,celebrates
813,nov
814,25
815,direction
816,church
817,founder
818,eddy
819,subject
820,searing
821,journalistic
822,attack
823,joseph
824,pulitzer's
825,york
826,her
827,professional
828,running
829,over
830,100
831,days
832,tomorrow
833,oct
834,see
835,gni
836,speech
837,protection
838,microsoft
839,yahoo
840,ngo's
841,introduce
842,avoid
843,minimize
844,impact
845,restrictions
846,stating
847,right
848,guarantor
849,dignity
850,commits
851,try
852,resist
853,overly
854,broad
855,demands
856,could
857,compromise
858,begun
859,groups
860,congress
861,criticized
862,cooperating
863,chinese
864,dissidents
865,laying
866,code
867,conduct
868,non-governmental
869,forum
870,jointly
871,establish
872,system
873,auditors
874,rate
875,important
876,step
877,obligate
878,challenge
879,michael
880,posner
881,president
882,agreed
883,discuss
884,obtained
885,documents
886,sets
887,mechanism
888,allow
889,evaluated
890,time
891,throughout
892,especially
893,china
894,embarked
895,schemes
896,aimed
897,eliminating
898,internet's
899,powerful
900,feature
901,flow
902,ideas
903,least
904,telecommunications
905,france
906,télécom
907,vodafone
908,considering
909,part
910,hand
911,corporations
912,at&t
913,verizon
914,sprint
915,nextel
916,willing
917,bush
918,administration's
919,illegal
920,spying
921,sign
922,27
923,milk
924,stain
925,won't
926,scandal
927,vicious
928,circle
929,corruption
930,dig
931,tainted
932,worse
933,stinks
934,core
935,boiling
936,pot
937,regime's
938,hermetic
939,tendencies
940,reporters
941,without
942,borders
943,washington
944,representative
945,licie
946,morillon
947,confirms
948,main
949,culprit
950,scandal's
951,disastrous
952,consequences
953,left
954,four
955,babies
956,dead
957,"53,000"
958,sickened
959,july
960,journalist
961,working
962,investigative
963,nanfang
964,zhoumo
965,weekend
966,gathered
967,reliable
968,regarding
969,wave
970,hospitalizations
971,new-born
972,killed
973,illnesses
974,linked
975,powered
976,made
977,dairy
978,sanlu
979,writer's
980,however
981,decided
982,publish
983,story
984,fear
985,reprisal
986,result
987,wait
988,olympic
989,games
990,september
991,before
992,outlet
993,dared
994,explosive
995,fu
996,jianfeng
997,damning
998,indictment
999,became
1000,actually
1001,our
1002,reporter
1003,feng
1004,received
1005,than
1006,hospitalized
1007,kidney
1008,stones
1009,tongji
1010,hospital
1011,wuhan
1012,city
1013,hubei
1014,province
1015,consuming
1016,powder
1017,reasons
1018,everybody
1019,knows
1020,able
1021,investigate
1022,because
1023,harmony
1024,needed
1025,everywhere
1026,i
1027,deeply
1028,concerned
1029,sensed
1030,going
1031,huge
1032,health
1033,catastrophe
1034,send
1035,harbored
1036,deep
1037,guilt
1038,defeat
1039,provides
1040,pains-taking
1041,details
1042,how
1043,bureaucracy's
1044,addiction
1045,secrecy
1046,bad
1047,situation
1048,catastrophic
1049,talking
1050,absolute
1051,opposite
1052,honey
1053,tunisian
1054,mercy
1055,mighty
1056,8
1057,magazine
1058,kalima
1059,critic
1060,regime
1061,zine
1062,al-abidine
1063,ben
1064,ali
1065,disabled
1066,content
1067,destroyed
1068,kalima's
1069,editor-in-chief
1070,sihem
1071,bensedrine
1072,no
1073,doubt
1074,perpetrated
1075,someone
1076,close
1077,cooperation
1078,proves
1079,once
1080,tunisia
1081,now
1082,chimera
1083,unique
1084,sites
1085,shut
1086,past
1087,tunisnews
1088,tunisiawatch
1089,activist
1090,naziha
1091,rjiba
1092,distributed
1093,following
1094,opinion
1095,piece
1096,long
1097,hard
1098,fight
1099,illness
1100,preoccupied
1101,me
1102,entire
1103,summer
1104,recovered
1105,finally
1106,my
1107,prepared
1108,pick
1109,pen
1110,vain
1111,talk
1112,country
1113,sick
1114,where
1115,contaminated
1116,injustice
1117,cowardice
1118,pettiness
1119,hit
1120,website
1121,nothing
1122,attackers
1123,many
1124,imperative
1125,unveil
1126,instigator
1127,it's
1128,pirates
1129,highway
1130,particularly
1131,if
1132,highways
1133,lead
1134,toward
1135,discovery
1136,true
1137,hideous
1138,nature
1139,like
1140,road
1141,followed
1142,thus
1143,abuse
1144,power
1145,indicator
1146,denounces
1147,sheds
1148,level
1149,seeing
1150,mirrored
1151,does
1152,practise
1153,neither
1154,complaisance
1155,nor
1156,opportunism
1157,sacrifice
1158,truth
1159,pretext
1160,benefit
1161,expert
1162,male
1163,female
1164,computer
1165,engineer
1166,executed
1167,probably
1168,frequent
1169,insatiable
1170,visitor
1171,resistance
1172,oppression
1173,likes
1174,admire
1175,courage
1176,contributors
1177,nevertheless
1178,orders
1179,dictated
1180,him
1181,destroy
1182,learned
1183,reading
1184,continues
1185,steep
1186,post
1187,big
1188,losers
1189,six
1190,months
1191,recorded
1192,507
1193,dropped
1194,4.6
1195,publisher
1196,industry's
1197,trade
1198,publication
1199,reports
1200,daily
1201,drop
1202,steeper
1203,4.8
1204,sunday
1205,sales
1206,doubles
1207,size
1208,previous
1209,period's
1210,performance
1211,2.6
1212,according
1213,audit
1214,bureau
1215,slipped
1216,"38,165,848"
1217,copies
1218,571
1219,papers
1220,"43,631,646"
1221,fell
1222,3.5
1223,"1,000,665"
1224,wall
1225,journal
1226,week
1227,virtually
1228,flat
1229,117
1230,basis
1231,"2,011,999"
1232,usa
1233,fraction
1234,"2,293,310"
1235,post's
1236,declined
1237,1.9
1238,"622,714"
1239,3.1
1240,"866,057"
1241,los
1242,angeles
1243,decreased
1244,little
1245,5
1246,"739,147"
1247,"1,055,076"
1248,respectively
1249,chicago
1250,tribune
1251,7.7
1252,"516,032"
1253,5.7
1254,"864,845"
1255,san
1256,francisco
1257,chronicle
1258,lost
1259,7
1260,"339,430"
1261,hair
1262,7.4
1263,"398,116"
1264,jose
1265,mercury
1266,slightly
1267,"224,199"
1268,4.3
1269,"241,518"
1270,bleeding
1271,needs
1272,find
1273,winning
1274,formula
1275,integrates
1276,variable
1277,losing
1278,equation
1279,26
1280,dalai
1281,lama
1282,giving
1283,stepping
1284,that's
1285,columnist
1286,seems
1287,believe
1288,bosses
1289,popping
1290,champagne
1291,croatian
1292,mafia
1293,blamed
1294,killings
1295,financial
1296,ft
1297,prime
1298,suspect
1299,ivo
1300,pukanic
1301,owner
1302,nacional
1303,niko
1304,franjic
1305,associate
1306,remains
1307,car
1308,fn
1309,points
1310,sharp
1311,reminder
1312,croatia
1313,side
1314,dangerous
1315,threatens
1316,destabilise
1317,whole
1318,meaning
1319,pernicious
1320,organized
1321,crime
1322,links
1323,cleanest
1324,balkans
1325,beside
1326,point
1327,nobody
1328,extrajudicial
1329,execution
1330,hoping
1331,join
1332,sanader
1333,minister
1334,condemned
1335,bombing
1336,saying
1337,beirut
1338,longer
1339,organised
1340,rise
1341,pledge
1342,too
1343,authorities
1344,dragged
1345,feet
1346,fighting
1347,published
1348,allegations
1349,between
1350,criminals
1351,businessmen
1352,politicians
1353,responded
1354,effectively
1355,mr
1356,month
1357,replaced
1358,interior
1359,ministers
1360,ms
1361,hodak's
1362,killing
1363,real
1364,crackdown
1365,serbia
1366,managed
1367,2003
1368,shooting
1369,zoran
1370,djindjic
1371,late
1372,belgrade
1373,fragile
1374,conditions
1375,croatia's
1376,zagreb
1377,follow
1378,suit
1379,sees
1380,next
1381,accession
1382,candidate
1383,transforms
1384,record
1385,enters
1386,bulgaria
1387,joined
1388,job
1389,done
1390,brussels
1391,extra
1392,care
1393,future
1394,western
1395,means
1396,sunshine
1397,ask
1398,sicilians
1399,stipe
1400,mesic
1401,choice
1402,terrorists
1403,24
1404,stands
1405,attacks
1406,defenders
1407,toughened
1408,repression
1409,websites
1410,ali's
1411,21
1412,monopoly
1413,courageous
1414,struggling
1415,latest
1416,produced
1417,monitoring
1418,tmg
1419,belong
1420,exchange
1421,ifex
1422,recent
1423,representatives
1424,outlets
1425,believes
1426,broader
1427,pattern
1428,intimidation
1429,advocates
1430,curb
1431,informed
1432,unsuccessfully
1433,attempted
1434,2000
1435,recently
1436,hackers
1437,damage
1438,severe
1439,webmasters
1440,unable
1441,access
1442,rebuilt
1443,pleased
1444,re-launch
1445,disconcertingly
1446,re-launched
1447,multimedia
1448,platform
1449,archive
1450,source
1451,foreign
1452,focus
1453,intermittently
1454,inaccessible
1455,during
1456,furthermore
1457,strongly
1458,condemn
1459,plainclothes
1460,police
1461,officers
1462,observatory
1463,creation
1464,olpec
1465,ifex's
1466,subjected
1467,physical
1468,verbal
1469,downtown
1470,tunis
1471,solidarity
1472,rally
1473,writer
1474,zakia
1475,dhifaoui
1476,currently
1477,serving
1478,eight-month
1479,prison
1480,sentence
1481,connection
1482,advocacy
1483,commenting
1484,incident
1485,chair
1486,index
1487,rohan
1488,jayasekera
1489,intolerance
1490,known
1491,tunisia's
1492,partners
1493,thuggery
1494,prevail
1495,deputy
1496,well-known
1497,intensifying
1498,alarmed
1499,she
1500,summoned
1501,appear
1502,prosecutor
1503,wrote
1504,mouatinoun
1505,destruction
1506,accused
1507,22
1508,issue
1509,rejiba's
1510,husband
1511,mokhtar
1512,jallali
1513,council
1514,liberties
1515,cnlt
1516,jail
1517,involved
1518,fatal
1519,traffic
1520,accident
1521,detained
1522,settle
1523,scores
1524,rejiba
1525,om
1526,zied
1527,indirect
1528,threats
1529,targeting
1530,security
1531,23
1532,zimbabwe
1533,final
1534,frontier
1535,wondering
1536,outrageous
1537,answers
1538,stretching
1539,margins
1540,imagination
1541,dictator
1542,word
1543,institute
1544,misa
1545,hacking
1546,accounts
1547,own
1548,controlled
1549,private
1550,bhekinkosi
1551,ncube
1552,authorised
1553,group's
1554,officer
1555,justin
1556,mutasa
1557,ncube's
1558,suspension
1559,vernacular
1560,umthunywa
1561,told
1562,internal
1563,disciplinary
1564,hearing
1565,emails
1566,zimpapers
1567,publishes
1568,herald
1569,manica
1570,kwayedza
1571,exchanged
1572,friends
1573,prevailing
1574,minutes
1575,proceedings
1576,privately
1577,owned
1578,tom
1579,ndovi
1580,manager
1581,accessed
1582,software
1583,password
1584,cracker
1585,presented
1586,findings
1587,reportedly
1588,testified
1589,instructed
1590,snoop
1591,editor's
1592,3
1593,15
1594,august
1595,admitted
1596,editorial
1597,prerogative
1598,publicity
1599,incoming
1600,calls
1601,expounds
1602,expects
1603,having
1604,lawyers
1605,arguing
1606,evidence
1607,interception
1608,address
1609,owner's
1610,consent
1611,warrant
1612,mugabe's
1613,brink
1614,devastating
1615,fuming
1616,hu
1617,jia's
1618,slam
1619,dunk
1620,never
1621,mind
1622,meet
1623,counterparts
1624,current
1625,crisis
1626,warned
1627,affront
1628,gotten
1629,getting
1630,parliament
1631,awarded
1632,highest
1633,prize
1634,sakharov
1635,china's
1636,prominent
1637,fighters
1638,35-year-old
1639,jia
1640,distinguished
1641,himself
1642,advocating
1643,environmental
1644,aids-hiv
1645,causes
1646,via
1647,sentenced
1648,half
1649,inciting
1650,subversion
1651,december
1652,house
1653,arrest
1654,decision
1655,wrench
1656,blender
1657,here's
1658,present
1659,type
1660,amounts
1661,interference
1662,judicial
1663,sovereignty
1664,disrespect
1665,towards
1666,spokesman
1667,qin
1668,gang
1669,affairs
1670,oppose
1671,human-rights
1672,interfere
1673,added
1674,found
1675,guilty
1676,apparatus
1677,instigating
1678,award
1679,firmly
1680,resolutely
1681,acknowledges
1682,struggle
1683,parliament's
1684,hans-gert
1685,pottering
1686,statement
1687,named
1688,soviet
1689,physicist
1690,andrei
1691,annually
1692,individuals
1693,contribution
1694,democracy
1695,terrible
1696,ordeal
1697,wife
1698,zeng
1699,jiang
1700,suffering
1701,cirrhosis
1702,poor
1703,wise
1704,community
1705,wake
1706,slumber
1707,denounce
1708,beijing
1709,abuses
1710,there
1711,lot
1712,catch
1713,promising
1714,videos
1715,paris
1716,conference
1717,video
1718,collection
1719,amnesty
1720,blogging
1721,boxun
1722,citizen
1723,lab
1724,eastsouthwestnorth
1725,electronic
1726,foundation
1727,correspondents
1728,voices
1729,greatfirewallofchina.org
1730,hong
1731,kong
1732,association
1733,watch
1734,ip
1735,federation
1736,knight
1737,american
1738,rebecca
1739,mackinnon's
1740,sw
1741,radio
1742,status
1743,sydney
1744,enter
1745,your
1746,feedburner
1747,terms
1748,policy
1749,copyright
1750,infringement
1751,notification
1752,del.icio.us
1753,technorati
1754,blinklist
1755,facebook
